variable,Year,Unemployment,Vacancy,Hires,Tightness
Admin,2000,401.65276258725925,472.240012648423,486.3858726802942,1.1757419757465968
Admin,2001,6367.115601670249,4880.020249547202,5595.08544581552,0.7664412828105484
Admin,2002,7954.439155545214,3917.9983022755237,5235.329648351818,0.4925549401612056
Admin,2003,8255.590228842535,3694.111197158421,5098.045390573326,0.447467848422553
Admin,2004,7566.42734005496,4127.036588598458,5454.298855000986,0.5454405894775276
Admin,2005,7014.172117119492,4664.597402852901,5763.4466515396925,0.6650246565047949
Admin,2006,6493.868106263604,5211.366014787659,5865.768365450936,0.8025056760486221
Admin,2007,6539.393075707681,5280.241029879842,5757.436987667715,0.8074512372554427
Admin,2008,8254.035485146025,4307.3233289843765,5091.097354693962,0.5218445373461069
Admin,2009,13368.761333750661,2861.205419541235,4243.955139010946,0.2140217293219126
Admin,2010,13811.600352733934,3426.9180781795253,4521.681025424374,0.24811882697584606
Admin,2011,12796.61942168238,3913.786715531471,4665.302859449993,0.3058453632605511
Admin,2012,11395.322667824132,4369.254987919641,4853.876078942811,0.38342529784230533
Admin,2013,10430.177395221168,4656.349462575744,4987.380752556909,0.44643051466307376
Admin,2014,8744.939903890274,5412.606489021834,5356.551989975219,0.6189415305889046
Admin,2015,7382.258713436491,6389.804081008317,5666.783135878734,0.8655621983795011
Admin,2016,6979.827825384563,6618.603107021724,5750.674225062204,0.9482473311090683
Admin,2017,6407.192095192667,6932.943438121076,5910.693445307346,1.0820564351930202
Admin,2018,5798.448436656599,8023.469101002836,6181.387056258975,1.3837269036109925
Admin,2019,5559.4281342815,8088.237409878808,6322.485184142089,1.4548685970061794
Admin,2020,12447.147999737705,7294.537174394936,6614.2940420823925,0.5860408484376222
Admin,2021,8252.401688001502,11226.792934716748,6921.528740388236,1.3604273469915833
Admin,2022,5720.797853446087,12519.486687912551,7064.52843162567,2.1884161979908234
Admin,2023,1039.198435229488,1927.3405099095535,1134.2001982787497,1.8546414665106143
Agg,2000,4.213918139454998,4.001305070750562,5.273288561801667,0.9495450405849758
Agg,2001,66.8857252349308,41.89492610687122,55.93557280198499,0.6263657299030341
Agg,2002,82.28930081309105,33.100082019291655,52.0269987047601,0.40224040904751385
Agg,2003,84.27698802895975,30.963819387222337,49.29239827338727,0.3674053868249583
Agg,2004,78.71106043481272,35.560373682666494,53.0648435626645,0.4517836945179648
Agg,2005,72.90694097782703,39.52662044517156,54.878386968347286,0.5421516787707863
Agg,2006,66.09483727493279,43.89878738305481,55.867124713410554,0.6641787648322711
Agg,2007,63.983316622401944,44.672696934750505,55.94687680292795,0.6981928929753171
Agg,2008,78.95865586606963,36.42925435223827,47.77229719877182,0.4613712575607909
Agg,2009,127.07499573994541,24.65234154640024,38.95112683398929,0.1939983661054013
Agg,2010,130.06599118269523,28.585232667081332,41.87839898427874,0.21977484204098763
Agg,2011,121.33573904213931,33.538475949204475,42.443991589132565,0.2764105301040506
Agg,2012,109.07200549316217,37.321518527549266,43.116516521679166,0.34217321262960537
Agg,2013,99.24967462159628,40.41678135500796,44.56283660796066,0.40722331341742707
Agg,2014,81.39188809221471,47.32097453070364,49.24480137116674,0.5813966924700199
Agg,2015,72.1122996869811,52.093725399242864,51.36648570497897,0.7223972280091864
Agg,2016,66.71872165311599,56.44900894459003,51.54977554915587,0.8460744982207504
Agg,2017,59.94194894321025,59.340931733204876,52.434802514088055,0.9899733455351145
Agg,2018,56.85788538926498,70.0213014703405,55.30856257852711,1.2315143447730266
Agg,2019,52.55227517524582,66.7123023089754,55.370223494956875,1.2694465099086616
Agg,2020,112.66029349966647,61.08099933500357,58.57786589230409,0.5421697160338429
Agg,2021,73.67995737082003,94.59407505563125,62.542058947898454,1.2838508385605278
Agg,2022,51.059925505116205,99.06392044558015,61.78154047970449,1.9401501170551834
Agg,2023,9.551581837984454,14.9882757841734,10.063906531047486,1.5691930445037343
Arts,2000,71.4925320276703,85.09225241128179,85.41979752347612,1.1902257480312475
Arts,2001,1131.4609129340565,837.8836626744763,1012.0469777468497,0.7405325743880201
Arts,2002,1428.4131374669762,638.3472985549105,908.2550381904583,0.446892626377618
Arts,2003,1469.8344745368063,609.4981035394828,889.4389573376228,0.41467125319097986
Arts,2004,1294.780616729945,694.1844225673979,925.8553489067814,0.5361405736213498
Arts,2005,1189.9622505719144,785.3492840911885,986.2546573437381,0.6599783175590128
Arts,2006,1067.4735799473644,920.9265971921045,1014.7743108099446,0.8627160563894368
Arts,2007,1044.5877130359427,948.7576798939807,995.2497197301162,0.9082604247148898
Arts,2008,1329.3817972548477,710.3609034505902,867.7505866945146,0.5343543178622381
Arts,2009,2108.5420207294255,461.6874856487529,724.8900792155072,0.21896053344435484
Arts,2010,2192.333266406423,566.2437998982888,757.9726990730843,0.25828363259133996
Arts,2011,1979.333294881763,677.8091424422244,816.6135192628692,0.34244315709483064
Arts,2012,1828.0791389385452,734.2731158377569,838.6717944737115,0.401663746496284
Arts,2013,1668.8234054556494,777.7050938379591,883.7596218351405,0.4660200062484247
Arts,2014,1406.9922242611447,904.802000708912,954.2356052821713,0.6430753383758405
Arts,2015,1203.7924525392475,1042.3312337048865,1012.6507140578623,0.8658728765961449
Arts,2016,1132.1415788812092,1067.8544744828525,1029.4178694081493,0.9432163736430512
Arts,2017,1037.190918363801,1112.6854839770444,1051.469853131839,1.07278753050821
Arts,2018,928.427970726831,1305.1358827898132,1093.4656574761732,1.4057481290315628
Arts,2019,871.2402028855498,1307.1187403898493,1119.5781608354655,1.5002966300919869
Arts,2020,2132.612944902244,1126.0259064097131,1123.2543830040495,0.5280029407592893
Arts,2021,1329.2421413229306,1830.0408430474863,1230.1264199673587,1.3767550592596582
Arts,2022,855.70405893085,2074.0317379942608,1220.5889785548563,2.423772233341556
Arts,2023,154.2561071366094,303.9853601649552,193.48486033788964,1.970653647416017
Bus Ops,2000,370.62263586862434,454.4217770306235,446.3940279839344,1.2261036781134536
Bus Ops,2001,5786.917163249567,4596.002506056938,5138.778730010973,0.7942056843744612
Bus Ops,2002,7342.410265074201,3689.424118194007,4795.677018397708,0.5024813358283137
Bus Ops,2003,7578.616066263474,3537.2239801497276,4657.772601878739,0.46673745565444696
Bus Ops,2004,6873.528910377284,3990.9100428213114,4917.934326981917,0.5806202454165938
Bus Ops,2005,6240.8396924731405,4468.4375825226425,5215.886569843566,0.7159994171796897
Bus Ops,2006,5758.43803870328,5067.849642849128,5417.322209437708,0.880073660389743
Bus Ops,2007,5870.825605035415,5058.318547136612,5351.107576202758,0.8616025900680964
Bus Ops,2008,7398.945581499252,4081.7408221767237,4669.640380702634,0.5516652038072754
Bus Ops,2009,12131.08127049538,2704.374555894656,3828.4770968058947,0.22292939067782053
Bus Ops,2010,12573.819771233742,3376.0305341379003,4200.9994553477945,0.2684968128668067
Bus Ops,2011,11489.207325438181,3729.275495568911,4345.26750064256,0.32458945077193846
Bus Ops,2012,10164.230409465426,4175.42920092044,4479.946371080729,0.4107963940911923
Bus Ops,2013,9272.559238840964,4401.5941381884,4590.307428857642,0.4746903227914652
Bus Ops,2014,7719.45720275866,5001.427853767556,4858.7605739744195,0.6478989030446627
Bus Ops,2015,6378.46489130873,5914.627183894654,5146.953061529967,0.92728066779107
Bus Ops,2016,6119.266821245136,6175.409175230761,5240.996513843943,1.0091746863841118
Bus Ops,2017,5578.376781185919,6301.577708819744,5396.975768204721,1.1296436142630146
Bus Ops,2018,5015.07540255335,7179.093112207906,5544.647970201197,1.431502527071234
Bus Ops,2019,4783.01805399337,7274.525549105505,5644.38510657642,1.5209069811124716
Bus Ops,2020,9986.065909159388,6593.241491074462,5681.652588844837,0.6602441392888294
Bus Ops,2021,6721.912150108981,9911.826675931623,6068.040246466533,1.4745546288894782
Bus Ops,2022,4692.9202039781485,11379.886599733518,6154.8026796046925,2.4249051987048245
Bus Ops,2023,858.5923473369037,1709.7011264621265,958.5108185838333,1.9912839099545987
Care,2000,67.3163932063336,91.8853799127983,79.14535799567676,1.364977764497238
Care,2001,1078.44497183155,878.5269199595234,1043.4821021087992,0.8146237804488988
Care,2002,1323.1619115288236,662.9363166440597,982.8334268971831,0.5010243348662311
Care,2003,1447.0157580237878,626.5115742472823,1003.3156678547901,0.4329680383736242
Care,2004,1373.7666429456106,703.992216102042,1056.31380339709,0.5124540035362571
Care,2005,1295.770223630192,786.6332081669027,1099.9818422433964,0.607077700831166
Care,2006,1226.320027271268,855.2786355928972,1085.772131405908,0.6974351038660037
Care,2007,1158.0864204025393,887.427634038822,1073.4164395986961,0.7662879197999413
Care,2008,1476.2266955066254,770.1979570920754,971.0269658895377,0.5217342020953981
Care,2009,2127.400974563747,510.6390969553243,842.8021311489744,0.24002954922968292
Care,2010,2298.3921990740405,579.3189380848294,831.3862535466534,0.2520539959708448
Care,2011,2279.0905958124645,610.2027049659426,909.7072432719874,0.26773955633317587
Care,2012,2046.008701405891,699.1745629942187,946.0282367637585,0.3417260945731995
Care,2013,1948.4259162423346,761.1237770968725,979.0028622918397,0.39063521520220224
Care,2014,1633.6247399421327,881.4847742116026,1029.4948836314225,0.5395882865013584
Care,2015,1498.172046013563,1024.971525034237,1138.3891550651408,0.6841480774932026
Care,2016,1319.1420760100596,1123.7033215428078,1141.3344738344783,0.851844044685175
Care,2017,1172.671042252311,1263.7534305640047,1195.8749054509622,1.0776708770234102
Care,2018,1076.4745812294912,1351.0512480905345,1222.2287083598637,1.255070274439213
Care,2019,1020.2884903444531,1368.8907431434207,1263.3403510282849,1.3416702786495986
Care,2020,3035.5702373468753,1154.3582595218174,1336.2140208466603,0.38027723599330726
Care,2021,1645.5760822023753,1993.2978652931681,1345.8974075594303,1.2113070230246756
Care,2022,1009.177133442033,2144.9953216922295,1340.2917218828495,2.1254894216402076
Care,2023,165.3045734771532,340.2071399658917,219.94856089452784,2.058062477097234
Clean,2000,72.2269228878302,93.49574953033998,103.5876708198649,1.2944722797555792
Clean,2001,1154.822790336623,979.5280578346297,1208.2602035444284,0.8482063793953217
Clean,2002,1425.4182100472585,758.1689121697365,1114.7727627967945,0.5318922592862063
Clean,2003,1494.5642144011022,755.5717666216743,1099.4234193231796,0.5055465394803695
Clean,2004,1360.4439233081125,837.0970662116367,1160.3824023548882,0.6153117022097584
Clean,2005,1277.1962793118905,948.4156554702613,1241.5674825645108,0.7425762749490901
Clean,2006,1192.1405634761795,1059.3907398223112,1289.284869826668,0.8886458294257003
Clean,2007,1201.9281604068058,1106.0869878148128,1286.9515107708116,0.9202604816584424
Clean,2008,1486.917519620235,905.5699043108697,1143.2958806404497,0.6090249743927666
Clean,2009,2287.8290097939444,576.1133163598377,931.0172506028338,0.25181659726035466
Clean,2010,2390.2316535107007,681.5676841945827,1003.9830943883572,0.2851471250468617
Clean,2011,2257.3088740621142,795.5950771843427,1084.6274083353144,0.35245290811825797
Clean,2012,2089.654603993733,903.9436725352607,1114.2605275610142,0.4325804230075391
Clean,2013,1974.5057934729132,942.297463312576,1146.8253309203014,0.4772320579800328
Clean,2014,1660.0673601133735,1123.0745486413302,1245.5385932739555,0.6765234806885368
Clean,2015,1451.9975492163971,1358.0926721255248,1343.2679964554507,0.9353271104751174
Clean,2016,1329.1486007670826,1421.8637503451596,1385.3874105911634,1.06975529261707
Clean,2017,1210.530956292581,1427.6755447093315,1402.1398949953225,1.179379624525907
Clean,2018,1093.3069328375122,1647.5586487765536,1452.270495155398,1.5069497862787398
Clean,2019,1044.1526881850716,1672.038006342388,1490.7172542974279,1.6013347714965862
Clean,2020,2625.4682803604865,1471.734384919056,1499.5497692332815,0.5605607182262288
Clean,2021,1599.291900041584,2383.625227051725,1611.533619418323,1.4904253732478399
Clean,2022,1065.0338850083074,2706.5623771782443,1620.2387611326142,2.541292268045662
Clean,2023,182.326824178531,419.647185354533,259.56247740355667,2.3016206597424325
Cons,2000,362.7714001050993,176.71080291398445,275.72068026278583,0.48711338011427907
Cons,2001,4714.440112398963,1731.2476556627305,3627.023858481934,0.367222324260638
Cons,2002,6153.320210999407,1228.024229442206,3387.1463852179663,0.19957099376155385
Cons,2003,6263.0069837268165,1107.018943654155,3489.6101685040016,0.17675518269906523
Cons,2004,5845.305541374741,1349.8865304345895,3591.254585414306,0.23093515315490482
Cons,2005,5411.585042881524,1478.67913414712,3812.541140334124,0.2732432591246433
Cons,2006,5085.332650192338,1632.6523750529896,3647.1916054794906,0.32105124430576615
Cons,2007,5682.3331960270925,1738.2836362540475,3314.8732066851135,0.30591019151594284
Cons,2008,7604.597073690614,1190.384276405731,3031.751996759581,0.1565348255628252
Cons,2009,13224.137439678401,677.083538248464,2536.5591613169595,0.05120058236969822
Cons,2010,13393.90629162495,889.2208367827498,2695.6832028168233,0.06638995506029254
Cons,2011,10496.222299922789,980.932238515938,2803.4466333762653,0.0934557415502865
Cons,2012,8716.800984933736,1111.8768332047746,2754.614259023647,0.12755560613653577
Cons,2013,7370.948578363835,1325.342765776699,2678.7438174701706,0.17980626939482622
Cons,2014,6004.309774394908,1494.6101936250163,2630.0192862449485,0.24892289868166195
Cons,2015,5093.301491635437,1611.180263988395,2759.8358887260833,0.3163331812645263
Cons,2016,4579.12414708739,1936.398903452878,2808.1039285132683,0.4228753886667495
Cons,2017,4395.420903497064,2020.6233476489876,3121.1196673433897,0.4597110019751121
Cons,2018,3899.0628253868717,2653.452954144046,3155.4623182749506,0.6805360859710605
Cons,2019,3478.0945476083575,2942.8751032258324,3373.4078457829924,0.8461170514324983
Cons,2020,6968.303745925398,2455.4695668398854,3345.9568610634406,0.3523769422760426
Cons,2021,5208.079619270826,3448.0457814137135,3048.5427461488553,0.6620570408822721
Cons,2022,3651.393686219867,3960.8005001918514,3110.797046089585,1.0847366349839695
Cons,2023,876.0545517250459,589.1403563175163,526.7016519536522,0.6724927747449464
Educ,2000,84.13290926509106,240.75485502416174,139.0006846504523,2.861601448555366
Educ,2001,1546.617599650443,2461.2900168234632,1678.3879384150257,1.5914017901902506
Educ,2002,1900.512835912384,2211.371378796134,1581.5138342004313,1.1635656108234154
Educ,2003,2124.8288726405594,1850.7821294314372,1575.1806334098633,0.8710264404170299
Educ,2004,2043.1030361954267,1936.9623819826586,1593.1912747079373,0.9480492895696448
Educ,2005,2059.423800590243,2129.626822358584,1698.0571846487976,1.034088671670309
Educ,2006,1868.8495879443976,2318.6692885976704,1737.9655494415815,1.2406933674892706
Educ,2007,1888.1383869871747,2448.5519595597893,1775.3327232475665,1.2968074673100862
Educ,2008,2285.387677323352,2237.18650697661,1746.1723921204548,0.9789089742519329
Educ,2009,3576.986114033709,1671.0623037094174,1623.4127649049528,0.46717047548864754
Educ,2010,4039.8223264411695,1692.8568313670075,1593.2262819251396,0.41904239705965196
Educ,2011,3964.0829533132264,1908.385828878483,1584.8134584924362,0.4814192466087098
Educ,2012,3968.2474136328815,2189.571550574349,1684.1739788301265,0.5517729421437015
Educ,2013,3554.0252239799624,2132.413392207986,1743.8171309264983,0.5999995098008929
Educ,2014,3015.125264651432,2577.037248161676,1843.8619872197194,0.85470321196078
Educ,2015,2654.4685955235273,3180.0079731717797,2007.7507669331774,1.197982895158194
Educ,2016,2489.6962148603366,3478.4161752976324,2054.508545133768,1.3971247393701645
Educ,2017,2296.0747538336477,3567.7296505377235,2134.017609129483,1.5538386302888674
Educ,2018,2058.98642583765,3853.2164633330344,2265.9276894523477,1.8714142137996097
Educ,2019,2001.7320803764503,4078.7769314911093,2305.301098711025,2.037623801644846
Educ,2020,4549.4892998235555,3732.811448701897,2468.266267513071,0.8204902138898684
Educ,2021,2773.6671779290095,5583.860188049941,2488.970373505231,2.013168786970034
Educ,2022,2111.3587265463098,6702.159412221887,2714.2017159348743,3.1743347674438325
Educ,2023,323.1009115053666,1005.1912515989752,467.243839531352,3.111075257929996
Eng,2000,132.34899080025258,137.4612769840213,140.9879906477294,1.0386273151979257
Eng,2001,2256.710606450414,1346.3107017771397,1552.624221979696,0.5965810139452286
Eng,2002,2844.5795784951993,1030.5842188345405,1470.5485006888216,0.3622975523784524
Eng,2003,2861.5670070557085,985.0712875553282,1400.956289173689,0.3442419084111809
Eng,2004,2389.5756260379744,1114.7751394995996,1493.5397617737979,0.4665159484188193
Eng,2005,2120.0603042218486,1263.5291128676656,1587.7961662959056,0.5959873454313999
Eng,2006,1897.94231527981,1440.7906484731202,1626.7974709852251,0.7591330025542463
Eng,2007,1951.8625047183089,1488.08817772344,1614.474219112656,0.7623939566061799
Eng,2008,2492.0485864262655,1164.0789128734705,1385.2161935379936,0.4671172621649498
Eng,2009,4588.259160962229,713.5041925624494,1096.5952421955437,0.15550651511428934
Eng,2010,4357.708266542963,946.2501720603507,1271.260246431785,0.21714399270950402
Eng,2011,3834.434587233745,1098.4740520957166,1329.155919568594,0.28647614846604613
Eng,2012,3333.410080763924,1223.1663142163345,1340.2497247468768,0.3669414457209595
Eng,2013,3045.8721868504604,1242.9068500285389,1343.1248714235094,0.408062707094006
Eng,2014,2432.546825517847,1428.8195312403475,1446.6855826719773,0.587375961791065
Eng,2015,2116.958396681622,1686.3179400801548,1519.9077698314045,0.79657585275341
Eng,2016,2040.7889925780626,1727.7886072651006,1560.882016009199,0.8466277569845383
Eng,2017,1813.036624472467,1750.4801017932568,1633.4682041978276,0.9654962719258845
Eng,2018,1597.4353775601264,2088.588433586293,1713.6412083649143,1.3074634898698303
Eng,2019,1509.1365893059035,2114.6941692940422,1689.0923514995732,1.4012609489951156
Eng,2020,3171.0651347296352,1933.0732273362098,1731.8877306904126,0.6095974523402603
Eng,2021,2141.03053969009,3134.17383146635,1896.9670850677246,1.4638622725671235
Eng,2022,1508.7780930377037,3523.7026818771656,1929.5787046639666,2.3354678187185938
Eng,2023,258.67883226026174,534.8103602914919,297.2421376410806,2.06746858882295
Food S,2000,422.90207244812996,385.605818619444,589.5818291810507,0.9118087702602582
Food S,2001,6631.829236360278,4348.947485859767,7021.988938608401,0.6557689184781518
Food S,2002,7688.043912954804,3134.7512122893327,6359.534407462352,0.4077436663709859
Food S,2003,8052.288068668902,3239.43591335825,6473.871070728115,0.4023000525729764
Food S,2004,7769.993078361939,3746.58504250887,6939.399494419453,0.4821864066960946
Food S,2005,7363.821108195326,4375.5556723671125,7190.472680072347,0.5941963564945215
Food S,2006,6906.962386665987,4749.55646713184,7354.485272455299,0.6876476519259671
Food S,2007,7114.606484529422,4860.137558646926,7304.533310553078,0.6831210649830322
Food S,2008,8751.819465872008,3833.1786329090337,6464.787693436896,0.43798648359425524
Food S,2009,12342.507429474856,2220.63584852159,5156.857569108465,0.17991772427201794
Food S,2010,12760.571620632576,2598.948050252572,5204.43717378807,0.20367019029541994
Food S,2011,12235.705768709311,3195.6334158099517,5681.102718026681,0.2611727902106169
Food S,2012,11249.506861820688,3728.6459991373827,6043.006538441654,0.3314497288580627
Food S,2013,10989.5071750075,4173.096910173925,6348.790286717771,0.3797346726943719
Food S,2014,9302.922825582995,5251.793657620164,6948.048980230708,0.5645315731500808
Food S,2015,8673.556936810548,5922.289034866421,7641.930231462518,0.6827981966351365
Food S,2016,7557.5788490228215,6213.453849335668,7984.306108747826,0.8221487295682074
Food S,2017,6820.799949166343,6742.408411679266,7985.058745518962,0.9885069877329186
Food S,2018,6305.441640909441,8023.666988393032,8345.916329881495,1.2724988106044495
Food S,2019,5944.916341016923,7983.971699436566,8803.205665329166,1.342991430232784
Food S,2020,19798.699413929116,6224.860972503633,8885.20651422786,0.3144075700307978
Food S,2021,10278.459016324417,11394.629344855934,9388.754556510816,1.1085931584451323
Food S,2022,6115.182814102709,12821.474902167145,9256.130613313171,2.096662567895521
Food S,2023,996.0708296014043,2046.8027103792688,1546.317977424129,2.0548766709675994
Health P,2000,168.75166546325005,396.58517994978416,268.7399793887849,2.3501112054870394
Health P,2001,2949.7653331270735,4076.2843547607545,3131.5326337569504,1.3819012343057975
Health P,2002,3653.459070109362,3608.940742316634,2946.0743684017575,0.9878147457140131
Health P,2003,4006.015887269329,3082.506632553714,2893.724025234449,0.7694693978497629
Health P,2004,3824.2995881512857,3260.5680157702946,2976.98570322234,0.8525922043012572
Health P,2005,3793.165012300314,3595.117622834416,3163.973902330873,0.9477883538354702
Health P,2006,3444.1218924026,3933.160383087969,3248.030695733986,1.1419922133894682
Health P,2007,3462.9190257093655,4118.061502149367,3303.8314348978547,1.1891879283275466
Health P,2008,4167.4999918335625,3699.0933984444455,3138.6927829278175,0.8876048963870463
Health P,2009,6526.670665481122,2740.638348324461,2826.956547355611,0.41991368781933647
Health P,2010,7305.719058412826,2847.502450407252,2860.984127677451,0.3897634753868943
Health P,2011,7124.067145803323,3218.236088457558,2847.85971307183,0.45174140313281164
Health P,2012,6988.807604530263,3660.318504376768,3001.6268177435154,0.5237400586051457
Health P,2013,6266.533891536808,3625.6531722614864,3104.7362501610805,0.5785739349719418
Health P,2014,5302.945163193274,4349.643819915168,3320.5588515733743,0.8202317176698737
Health P,2015,4640.255897282307,5287.32083923208,3578.3451987333337,1.1394459607990035
Health P,2016,4360.319264622876,5745.2283961404155,3646.9105226869,1.317616451335088
Health P,2017,4024.36963349442,5867.512441549982,3740.0950615323995,1.457995406961446
Health P,2018,3634.618090097183,6455.61040775237,3959.5233762764437,1.776145456751347
Health P,2019,3511.8037618982908,6742.078822452538,4018.75214472434,1.919833589678751
Health P,2020,7693.515205768972,6185.87466305863,4253.870636743118,0.8040374910054328
Health P,2021,4817.697071025074,9153.840884485886,4352.176601873331,1.9000449280091822
Health P,2022,3640.0450570228586,10841.382361921455,4654.740319876719,2.978364880677732
Health P,2023,583.9474772845853,1633.9410767725303,790.5233767941927,2.798095959538213
Health S,2000,39.28693727676221,106.54872850747509,63.94995949654737,2.712065024485823
Health S,2001,712.0974205872747,1084.6326346292449,770.4426052755464,1.5231520340780567
Health S,2002,881.6633445639449,965.1459579314901,726.763252428811,1.0946876309220208
Health S,2003,980.8775306123075,817.1797481564224,721.6789550123556,0.8331108855621377
Health S,2004,934.382325007501,858.1242777468273,732.6951358906896,0.9183866761819777
Health S,2005,934.5021071426195,944.1089161482788,782.9842389953596,1.0102801362696052
Health S,2006,851.2658795522956,1030.2206075918552,801.7508950298763,1.2102218969867287
Health S,2007,853.6220889782604,1087.9548107031808,817.2675127086658,1.2745157661107434
Health S,2008,1036.9743705229805,989.0790823876936,795.1854574510811,0.9538124668296944
Health S,2009,1625.4240386853114,732.9467017923438,731.6209396881578,0.4509264563265421
Health S,2010,1826.753104946081,751.0840032029644,727.1193636626112,0.411157917930641
Health S,2011,1789.7540315549184,845.5124234902153,730.7042105816051,0.4724182254003046
Health S,2012,1777.2043698690204,968.1580834546978,770.7183276015717,0.5447646313890455
Health S,2013,1596.670532617829,946.4520985922114,796.2164187035248,0.5927660586561031
Health S,2014,1352.8486091272703,1138.3247669198115,843.3101257243604,0.8414280498496803
Health S,2015,1188.0615076017814,1405.4398761475004,916.212843824411,1.1829689516534532
Health S,2016,1112.9635860972212,1534.5842419694575,935.3364822781081,1.3788269994984421
Health S,2017,1024.7948828689682,1569.563091006218,970.7059576398325,1.5315875569286042
Health S,2018,918.7605713653872,1697.666156372314,1026.345940086064,1.847778637092992
Health S,2019,892.0582156574669,1790.8785836518693,1042.1337400073892,2.007580393541863
Health S,2020,2004.944595492889,1641.7249975173586,1111.0612045883372,0.8188380872009894
Health S,2021,1236.5862907549827,2460.7574840319176,1126.340938825501,1.9899601850911126
Health S,2022,935.907517211522,2935.217545423713,1218.662231906102,3.136226060208396
Health S,2023,145.15936745380552,441.20434205946134,207.8008830736227,3.0394479515754784
Legal,2000,56.48109099199722,84.07725452514806,79.52016062921068,1.488591191290213
Legal,2001,884.3086447103532,862.8811548143879,910.7805054184005,0.9757692181071195
Legal,2002,1129.5555234526416,689.0436647768807,848.6698744841265,0.610013098489151
Legal,2003,1184.5117712236834,681.3476307855213,810.5990109531631,0.5752138960017609
Legal,2004,1035.5750677571846,734.1850017742,848.1298974118307,0.7089635745714451
Legal,2005,961.742904285591,815.5320919368763,927.1050858032158,0.8479730791907177
Legal,2006,887.8137218772724,937.9977412077259,989.4096128185624,1.056525392764081
Legal,2007,900.3085508984449,981.2574350821993,994.7181578066252,1.0899123795980534
Legal,2008,1081.293992925357,808.0668155009479,865.9239513731692,0.7473146256133225
Legal,2009,1741.8768301926016,541.0215960750627,705.9019633425916,0.31059693010282546
Legal,2010,1863.5365117317567,662.9286857557149,818.52394897471,0.35573689143319503
Legal,2011,1768.844083461024,732.8126041478405,858.5290296880079,0.41428897606055615
Legal,2012,1636.1487932212403,819.7323790590732,870.5967459745921,0.5010133445413536
Legal,2013,1527.4349894945585,834.922685691906,879.6649910298642,0.5466174936637985
Legal,2014,1268.5800930759578,960.0134421141973,953.2731785453713,0.756762184235785
Legal,2015,1049.0234096873776,1186.897850839951,1019.365656017962,1.1314312339260968
Legal,2016,1014.7555255830453,1218.4037533144992,1049.9203287618966,1.2006869857786133
Legal,2017,926.5382376400576,1165.8793880580447,1056.9693939105941,1.258317617875763
Legal,2018,829.9340259748093,1350.116348697447,1082.179114128168,1.62677551039271
Legal,2019,804.3537441561051,1404.785121955564,1092.8671466193562,1.7464767612033767
Legal,2020,1570.1478433836912,1321.4587056489413,1062.1113168317188,0.8416141901651623
Legal,2021,1082.7068470125955,1959.8340139310765,1180.9711370247596,1.810124337292823
Legal,2022,786.0786858258061,2250.4680204867573,1200.4641308467296,2.862904262723462
Legal,2023,136.07446535806844,346.41315352572155,184.06776885277543,2.5457616358378825
Manag,2000,600.5280272599551,678.2843553199672,724.9166876927978,1.1294799318772728
Manag,2001,9503.426752859024,6843.6730762910265,8306.381902151252,0.7201268820462225
Manag,2002,11987.432492225362,5378.81903400326,7714.843522339791,0.44870484463556126
Manag,2003,12335.354459938388,5136.995776739373,7531.732004157903,0.4164449261205122
Manag,2004,11155.040256613252,5854.203822460375,7962.0359492878415,0.5248034689063285
Manag,2005,10210.032011075366,6592.123608349044,8414.942579286231,0.6456516102200479
Manag,2006,9374.273941009871,7421.7886275467245,8608.410605285058,0.7917187692881942
Manag,2007,9451.110465483385,7514.871462721122,8489.339028461192,0.7951310578969905
Manag,2008,12007.678047971922,6004.49446386198,7453.664543004807,0.5000545850641065
Manag,2009,19769.803791963426,3902.94180798734,6103.746899414093,0.19741934968388078
Manag,2010,20193.828670438812,4773.355729519719,6570.556521393731,0.23637695493115193
Manag,2011,18226.286372493953,5497.356854287282,6907.231722295157,0.30161694719027193
Manag,2012,16245.395709244574,6134.629089201466,7068.601918840726,0.3776226322212949
Manag,2013,14775.427785461869,6485.614203073849,7275.84921890501,0.4389459511592147
Manag,2014,12281.013881932502,7502.349326386254,7776.91370289742,0.610890061562711
Manag,2015,10513.834098277463,8735.97859394841,8218.693168972572,0.8309032187772177
Manag,2016,9843.427305369412,9231.085361673482,8345.943756142076,0.9377917950019391
Manag,2017,8954.9151852022,9529.209050798592,8610.834936708881,1.0641316923409168
Manag,2018,8075.70324332528,10992.839721783066,8930.660949511974,1.3612238328431465
Manag,2019,7598.035495087218,10975.712016114545,9072.853629174351,1.4445460307748346
Manag,2020,16845.002066956054,9749.809875584666,9275.253181741677,0.5787954098688032
Manag,2021,11089.578133389286,15236.261900637905,9833.964694705752,1.3739261960528046
Manag,2022,7570.446386258103,17194.30758418037,9889.196345237746,2.271240915911052
Manag,2023,1397.3425282288895,2585.0751410382118,1572.310514315554,1.84999389112901
Math,2000,212.24442920922394,275.4949048369301,268.45381538442035,1.2980077067905318
Math,2001,3437.833669688353,2730.202887610098,3049.996228106853,0.7941637525056867
Math,2002,4432.965396880058,2124.1858452558163,2775.7390730131924,0.4791794329707217
Math,2003,4503.213538667897,2085.414162493976,2662.756022082924,0.4630946644184379
Math,2004,3825.423744956567,2352.4612657935777,2777.813930998937,0.6149544266553632
Math,2005,3439.7540702023753,2660.9630148246865,3014.1399373793947,0.7735910650926654
Math,2006,3090.3921706957,3122.766711932707,3173.977422516713,1.0104758682551669
Math,2007,3094.8498354619014,3191.803866563606,3135.5957647250407,1.0313275397050836
Math,2008,3934.317471726412,2423.269745605554,2712.047553247852,0.615931419622373
Math,2009,6663.663304423533,1553.9500268541726,2198.2067531675184,0.23319756054040358
Math,2010,6770.660245612746,1992.178227107684,2460.913497969689,0.29423692148761654
Math,2011,6026.828437211698,2355.4414515056665,2638.53164705848,0.3908260333017556
Math,2012,5501.124918655569,2569.777562896129,2674.9846124906026,0.46713674037494174
Math,2013,4999.4949660702205,2645.9808211136356,2773.5364865033844,0.5292496220260163
Math,2014,4186.616791461895,3030.114063063044,2992.226650983036,0.7237619810923702
Math,2015,3412.422140394882,3635.040469528734,3137.565263155588,1.0652376288673624
Math,2016,3337.3168899399707,3682.2432138669737,3206.2594266886217,1.1033543817690046
Math,2017,3063.8304028853763,3631.9796115490144,3268.457936532879,1.1854375516766793
Math,2018,2681.3697096355813,4258.032156177189,3380.81318122981,1.5880063614039588
Math,2019,2553.662622360521,4290.215299660601,3407.34837190518,1.6800243157002739
Math,2020,5089.107291675074,3870.2141980692463,3356.744897787846,0.7604898022881671
Math,2021,3629.84666905818,6004.475684679176,3769.708985581054,1.6541954060657693
Math,2022,2513.317146015685,6958.774847324947,3783.6448989020428,2.7687611403744103
Math,2023,458.06153198602277,1019.1885681901368,576.0739815216248,2.2250036229220753
Prod,2000,311.11200575865905,228.97703791174257,271.2553151671274,0.7359955053916126
Prod,2001,5468.696901696561,2197.958139031799,2779.040897080211,0.4019162477902045
Prod,2002,6688.530431148284,1636.220383829828,2648.9142805128354,0.2446307751266256
Prod,2003,6574.817981964113,1467.9046207975905,2465.062771899036,0.22326163626496007
Prod,2004,5575.336687395066,1776.7992823530758,2661.821127304606,0.31868914506457185
Prod,2005,4812.582812693503,1996.4410214890763,2694.440207579276,0.4148377491236789
Prod,2006,4230.4637980714415,2251.5019808748516,2687.950849207922,0.53221161753027
Prod,2007,4232.198404084157,2293.249083712267,2670.134737694234,0.5418576505059959
Prod,2008,5577.142884321701,1729.9825685241055,2211.6496609610185,0.31019154509872454
Prod,2009,10594.83833905308,965.7699705825509,1756.0467580644383,0.09115476231691773
Prod,2010,9488.795733642264,1337.2149913338578,1947.386487574392,0.1409256800199417
Prod,2011,8218.963597628934,1596.081333802161,1969.9229568986727,0.19419496325091526
Prod,2012,6892.81886759002,1839.7045277712766,1962.8448836575105,0.2669016208189588
Prod,2013,6285.930788388866,1885.6529429892785,1957.2908749399369,0.29997990853993894
Prod,2014,4822.010420119688,2152.5616153315473,2096.370237918763,0.4464033520852736
Prod,2015,4309.705529826399,2363.547231918214,2173.917904877739,0.5484242984957307
Prod,2016,4152.33377216845,2523.508352408121,2225.511127697166,0.6077325405106544
Prod,2017,3568.5909280001897,2819.342984986208,2493.085142487923,0.7900437572894201
Prod,2018,3279.063015293129,3309.5452029944254,2685.9182954332023,1.0092960054622713
Prod,2019,3006.4769423525,3163.653456863412,2573.971034443424,1.0522793014962972
Prod,2020,6679.871464583846,2916.9534864159223,2910.409929451266,0.43667808608015596
Prod,2021,4269.507586827449,5377.517974944852,3157.8269470395435,1.2595171376521044
Prod,2022,2964.631712712486,5626.530533247547,3212.7005672870573,1.8978851602783269
Prod,2023,496.35071205962606,815.0598767682778,501.679669741364,1.642104779876624
Prot S,2000,94.73152711941519,139.04114190163898,103.18679241087081,1.4677388418574597
Prot S,2001,1391.9077763348055,1451.6952620521668,1222.611276338044,1.0429536257601741
Prot S,2002,1683.1950085202861,1251.151388048382,1164.0311820770546,0.7433193312213312
Prot S,2003,1833.0446474881912,1094.2957029745824,1096.5569910823706,0.5969825691229553
Prot S,2004,1730.7016523530494,1120.0880594267278,1154.7406267069478,0.6471872595163147
Prot S,2005,1669.2576861604934,1197.6311186190328,1208.203029413512,0.7174632943423719
Prot S,2006,1501.0160565503554,1373.5705162084453,1285.180767975367,0.9150938194260184
Prot S,2007,1572.342644437085,1428.0780484236566,1306.004690501739,0.9082486272799166
Prot S,2008,1742.1756147567064,1258.02640880348,1113.6377877665013,0.7221008020934575
Prot S,2009,2640.404959770119,972.1159746880909,979.0471238925135,0.3681692730848097
Prot S,2010,3063.414883611981,1121.5349897736692,1121.6143012313998,0.3661061372305212
Prot S,2011,3111.5972733192443,1086.2803579294402,1006.5736422037193,0.3491069899192542
Prot S,2012,2850.160751044393,1221.2511818681187,1084.221456525117,0.4284850184048784
Prot S,2013,2641.7979943712103,1268.5080298790178,1070.9404420672563,0.48016844307618717
Prot S,2014,2137.8151553353982,1445.1797192419717,1149.1120689449808,0.6760077996618187
Prot S,2015,1819.8071483588294,1683.4718797963415,1271.1416803601444,0.9250825733455107
Prot S,2016,1797.935431841841,1727.0003513074944,1318.0920629790799,0.9605463693088916
Prot S,2017,1632.9021473005926,1756.442601970776,1306.8717672361247,1.075656985860673
Prot S,2018,1535.5324766112067,2055.9311797149453,1345.0377655437178,1.3389043937723906
Prot S,2019,1497.252510338425,2267.76731575113,1381.78671821989,1.5146191441272285
Prot S,2020,3253.839872244835,2192.73320724426,1337.646959198088,0.6738909391172608
Prot S,2021,1858.5320940049212,2954.591581855008,1438.3659498744237,1.5897447191714649
Prot S,2022,1389.9677187779182,3384.104249203636,1520.4750403003945,2.4346639159210075
Prot S,2023,217.9652544074488,538.5324237039596,246.28259437234095,2.4707260116663603
Repair,2000,219.6463623396916,208.82031729443898,225.57435595492026,0.9507114758016811
Repair,2001,3397.4085702564275,2059.854195246883,2697.2388089400756,0.6063015832951203
Repair,2002,4270.3539088114085,1573.256105871801,2534.6507767670323,0.3684135178177057
Repair,2003,4430.061868813946,1464.7653053018744,2496.9291224304925,0.33064217807279384
Repair,2004,4056.7564973893636,1678.9448950606295,2664.6704832773808,0.4138638580208296
Repair,2005,3743.1965582453627,1889.702793396915,2789.7527195932203,0.5048366453624653
Repair,2006,3467.90191900827,2102.718509602774,2747.2294034636698,0.606337364409688
Repair,2007,3433.526831502017,2151.1742807578944,2652.2975050049567,0.6265203058910858
Repair,2008,4447.083467941281,1724.2031012652724,2344.7510983956677,0.38771547997579403
Repair,2009,7299.850895009315,1121.8009187812588,1984.0969800615285,0.15367449759120422
Repair,2010,7438.437346300732,1355.4987120250987,2060.873976418875,0.1822289613959325
Repair,2011,6712.3064639338245,1534.2841858818006,2155.7510355357176,0.22857779127424044
Repair,2012,5833.448628015254,1696.8467040278842,2209.5364675203546,0.2908822571743829
Repair,2013,5285.377345281665,1869.2887700523604,2257.4436352222447,0.3536717717460802
Repair,2014,4379.722788762042,2143.2052419306733,2391.4385429956974,0.4893472361835176
Repair,2015,3805.8406477770777,2436.0254443602266,2525.3116901750345,0.6400755233362345
Repair,2016,3509.819060260418,2580.9257911505297,2519.914868202312,0.7353444000497942
Repair,2017,3194.4224366425383,2847.0501546545647,2662.9750252301383,0.8912566234185747
Repair,2018,2909.709470475719,3292.3308961320727,2774.969990267477,1.1314981545541718
Repair,2019,2730.8409275256836,3282.109010847115,2834.453433099579,1.201867519182421
Repair,2020,6379.10957664155,2905.3015426750026,3035.211104071743,0.45543998073232267
Repair,2021,4171.307550784631,4644.155898872624,3075.8682146823326,1.1133573447489025
Repair,2022,2786.589883852343,4923.792160250843,3097.406622110605,1.766959748466433
Repair,2023,531.2486755740134,760.8981578627223,502.45547600225996,1.432282456122028
Sales,2000,416.8540662490298,410.46269560060574,595.5399503563743,0.9846676063257931
Sales,2001,6600.935080688341,4272.720206841645,6326.199398831659,0.6472901421712042
Sales,2002,8350.628124208968,3326.2147900128343,5863.839306042743,0.39831911330956526
Sales,2003,8546.616939387706,3244.4302062931392,5656.592303071548,0.37961572740448285
Sales,2004,8092.334378996172,3894.953594941671,6166.591908269007,0.4813139710404339
Sales,2005,7511.103166292386,4473.663485796059,6400.122469545111,0.5956067153853698
Sales,2006,6888.162782853476,4901.080602550197,6435.266970313594,0.7115221804499641
Sales,2007,6659.4132097515485,4749.872890032162,6363.447664358078,0.7132569703103574
Sales,2008,8368.485578435402,3730.4557683811386,5473.960466514108,0.445774296127615
Sales,2009,13158.192822901818,2461.330669973783,4331.085982347131,0.1870568932300369
Sales,2010,13698.225334204004,2950.508216264056,4577.010017013673,0.2153934647940662
Sales,2011,12601.104591367317,3692.5149081713635,4787.155608612957,0.2930310498891508
Sales,2012,11258.350752329989,3988.7486075035627,4901.662751463111,0.3542924443598513
Sales,2013,10052.38744023078,4469.11108475832,5195.73535359841,0.4445820568825708
Sales,2014,8570.258387034517,5232.469297604541,5745.57599233725,0.6105381029725384
Sales,2015,7475.887801336497,5641.1269600604655,5892.641512967371,0.7545761934859397
Sales,2016,6815.846673305797,6068.600671797301,5826.595976040698,0.8903663715859281
Sales,2017,6295.26048099384,6436.5515385404315,5801.704224831472,1.0224440367437004
Sales,2018,5807.023999729905,7712.737402215377,6120.14240389189,1.3281738464614767
Sales,2019,5366.413456521832,7026.012571527295,6187.988650108618,1.3092566624713837
Sales,2020,11420.860069273704,6053.642643890441,6529.200058167843,0.5300513802963891
Sales,2021,7892.214657021381,9194.76067237135,6871.628987681656,1.1650418889951437
Sales,2022,5333.804037918201,9777.614225510655,6622.260336569779,1.8331408795676127
Sales,2023,1080.2920003091353,1475.826090458191,1077.1679564343412,1.3661362761511424
Science,2000,48.11328294821106,63.185815183586264,57.353147037557804,1.3132717476709959
Science,2001,755.9431026974839,654.9290267955842,651.0963440663228,0.8663734406181572
Science,2002,934.4116315204137,539.3019603872237,608.8624470942001,0.5771567285712259
Science,2003,978.7213789624409,495.33168592941,577.8518656153603,0.5061008133433434
Science,2004,880.1940332872452,528.7456210797452,603.2053320894313,0.600714843640837
Science,2005,822.2632225282415,577.0905517290755,643.158658430211,0.7018318902244892
Science,2006,747.9414885625276,658.7153177604844,677.9291014475655,0.8807043436331798
Science,2007,755.6526412553503,695.0501370659448,684.4495457230777,0.9198011084977777
Science,2008,905.9991956946765,590.1383400514695,599.9448097638701,0.6513673995030205
Science,2009,1494.1866276226638,411.9062864314704,506.88969989138195,0.2756725825386597
Science,2010,1567.4513690931078,480.3145564591607,569.1785565483028,0.306430276517644
Science,2011,1484.051402581371,519.4741430099107,569.6190931985811,0.3500378370360576
Science,2012,1367.2612637076713,586.5107201521026,584.1591127606997,0.42896755413199666
Science,2013,1267.2168611206134,597.3215299812198,585.160446223294,0.47136488497556916
Science,2014,1028.838367217933,693.2048479739767,631.2493590259347,0.6737742973645724
Science,2015,890.5149494370323,829.3792410152912,676.1009717207246,0.9313479145292395
Science,2016,853.8432524492044,869.3278199355331,696.3111634775485,1.0181351406618393
Science,2017,758.7974831289011,870.6298527860957,716.6274608704521,1.1473810498106212
Science,2018,702.9244076671711,996.7657867355205,744.3990206233933,1.4180269967343073
Science,2019,671.419177564095,1045.6127381216788,745.8756508942259,1.5573173556274575
Science,2020,1397.2719573250947,994.0818681173239,749.2581505538096,0.7114447999231097
Science,2021,904.8666855385995,1483.4295784625272,814.149445912118,1.639390202082147
Science,2022,651.4663949029082,1671.0141695784178,845.2646332990819,2.565004400307492
Science,2023,108.90817827384677,255.67377934213692,134.613556330995,2.347608631366984
Soc S,2000,34.692793369695,72.30620056898405,42.23306305705746,2.084185029394182
Soc S,2001,560.4098840199492,727.7165507548602,525.5275871187894,1.2985433903035073
Soc S,2002,687.6968351239266,640.6380646246671,503.8071494629521,0.9315704710335344
Soc S,2003,767.8312520105223,541.136769127716,491.17201403473524,0.7047600207868333
Soc S,2004,735.476142791478,560.9579409137732,505.12628097977245,0.7627139865946894
Soc S,2005,721.7940517713423,605.3753495359007,530.6848071370058,0.8387092523833627
Soc S,2006,655.8221985563312,672.1257214430325,545.6368426328795,1.0248596691642804
Soc S,2007,659.4433052409578,703.8411142141166,554.8095401114945,1.067326195626379
Soc S,2008,771.5024670228671,643.2147799691429,512.3844211327363,0.8337170747505571
Soc S,2009,1177.3062542468483,493.2824612082408,475.8906730916853,0.4189924749221737
Soc S,2010,1360.8628825153592,529.1095252225548,494.1081668068193,0.3888044357889841
Soc S,2011,1375.0409027014657,541.4450764595606,467.1299884849244,0.3937665238872632
Soc S,2012,1300.1560683340865,616.021865203056,499.51319665898063,0.47380609159666187
Soc S,2013,1184.4667595708786,619.7745182046575,504.6561567805199,0.5232519302012292
Soc S,2014,979.4883317623887,720.0289645032703,529.482181673711,0.7351072403361106
Soc S,2015,851.7027489814136,865.1736487564335,584.3580916921677,1.0158164333637885
Soc S,2016,815.1355830901109,930.572059783944,594.4942967870453,1.1416162894720203
Soc S,2017,741.1587002925055,969.2918392479694,613.434393275493,1.3078060594383212
Soc S,2018,682.1369449641435,1059.0060161473364,637.7264393450762,1.5524830079435192
Soc S,2019,663.8448608269733,1143.6678458415086,650.1398597677177,1.7227938533964156
Soc S,2020,1494.0913239592514,1075.6531178439932,677.3417736700354,0.7199379988323455
Soc S,2021,871.0494841730861,1538.8659142591719,687.7280749912562,1.7666802428797308
Soc S,2022,650.486640776009,1791.6590530660349,742.0581436935488,2.75433643176537
Soc S,2023,100.21066465744397,276.05517128365335,124.5419188377726,2.754748431489892
Trans,2000,323.87727467835987,283.5471382538652,373.77957311725925,0.875477103280722
Trans,2001,5247.022143217208,3136.8003288687582,4220.537823402223,0.5978248696593895
Trans,2002,6421.519714597902,2387.3759937214004,3968.166746467154,0.3717774140433191
Trans,2003,6615.344081472734,2318.5030437436612,3821.4383173688943,0.3504735377615471
Trans,2004,5944.843849480949,2548.9784182698286,4262.948928041336,0.42877129876041786
Trans,2005,5610.868637328934,3004.8999300510404,4526.609602652103,0.5355498630033031
Trans,2006,5250.402057840629,3316.9740833104042,4454.997923568571,0.6317562058618041
Trans,2007,5171.868133724672,3476.2194606914045,4264.7818476355405,0.6721400025696138
Trans,2008,6618.528378641749,2744.5250276730053,3779.645725786522,0.41467300140763846
Trans,2009,10860.201721427722,1699.3371383130682,3158.9921185392377,0.15647380977833872
Trans,2010,10797.86312010699,2038.8297553033449,3322.2232030019377,0.18881789226488577
Trans,2011,10136.814837844679,2595.9274259149756,3454.510100354465,0.25608906421210015
Trans,2012,8905.78940518568,2816.643018618111,3638.589682377159,0.3162710109648484
Trans,2013,8290.166057798207,3146.4735088483,3726.454786257676,0.37954288091594324
Trans,2014,7029.484001772062,3788.9276234863455,4162.046823504335,0.5390050852283319
Trans,2015,5988.860748186318,4512.882331122673,4327.510811857573,0.7535460450452728
Trans,2016,5640.869827781803,4334.579613733006,4367.549121565328,0.768423974682912
Trans,2017,5232.183508350333,4781.329395268391,4466.985803949806,0.9138306000998629
Trans,2018,4747.706565773286,5935.164591483463,4844.0275276588745,1.2501119244122387
Trans,2019,4644.278882538007,5874.666562596162,4971.946379338459,1.2649254515451864
Trans,2020,11062.15547328083,5336.3582628975255,5550.030743796136,0.4823976914613785
Trans,2021,7680.766658147192,8679.62164458607,5740.36676782779,1.1300462611215205
Trans,2022,5232.852438508969,8865.971108391059,5893.186536688134,1.69429029627239
Trans,2023,965.3041501183554,1457.3179427664913,963.205875143326,1.509698205055692
